{ "places" : {
	"Badajoz" : [38.8340338, 38.9001911, -7.0197181, -6.9249065],
	"Spain" : [27.4335426, 43.9933088, -18.3936845, 4.5918885]
	}
}
